name,ra,dec,z,type
SDSS J081109.38+172928.9,122.78912,17.491364,0.39,Q
SDSS J162206.75+434636.7,245.528148,43.776861,0.66,Q
SDSS J124157.25+595528.1,190.488562,59.924505,0.63,Q
SDSS J235939.10+212908.3,359.912939,21.485675,1.71,Q
SDSS J092030.98-013253.2,140.129104,-1.548115,2.24,Q
SDSS J001557.33+061000.3,3.988883,6.166767,0.77,Q
SDSS J164055.66+285630.7,250.231945,28.941867,1.42,QR
SDSS J101910.84+020458.9,154.795182,2.083067,0.36,Q
SDSS J130150.72+441319.7,195.46136,44.222138,0.42,AX
SDSS J022927.79+021006.2,37.365787,2.168436,0.26,QX
SDSS J115633.69+363607.3,179.140399,36.602019,0.39,Q
SDSS J142146.72+005325.2,215.444651,0.890365,2.23,Q
SDSS J220704.10+222231.4,331.767101,22.375379,0.55,BR
SDSS J084225.43+411517.2,130.605981,41.254773,0.29,A
SDSS J112649.88+292859.7,171.707873,29.483279,0.82,Q
SDSS J020834.36+300221.1,32.143159,30.039186,1.81,Q
SDSS J130013.13+584051.6,195.054797,58.681038,1.11,Q
SDSS J000941.93+184746.5,2.424726,18.796264,0.88,Q
SDSS J112837.97+362411.3,172.158224,36.403153,0.31,Q
SDSS J235332.19+020938.3,358.384146,2.160639,0.51,A
SDSS J102933.12+563222.8,157.388006,56.539669,1.15,Q
SDSS J013416.94+070630.6,23.570623,7.108537,2.38,Q
SDSS J021318.29+130643.9,33.326257,13.112192,0.4,QX
SDSS J231033.88+160816.5,347.641178,16.137927,0.71,Q
SDSS J155609.76+401122.6,239.040722,40.189612,0.54,Q
SDSS J133842.59+333219.7,204.677462,33.538805,0.29,AX
SDSS J122315.71+164249.1,185.815454,16.713646,1.41,QR
SDSS J110113.99+630220.0,165.308302,63.038906,0.56,Q
SDSS J134448.72+620044.3,206.202961,62.012316,2.21,Q
SDSS J092933.96+503025.3,142.391546,50.507043,0.56,Q
SDSS J150215.95+083617.7,225.566462,8.604915,2.54,Q
SDSS J092228.70+543606.6,140.6196,54.601848,0.69,Q
SDSS J082507.79+294010.3,126.28253,29.669537,0.87,Q
SDSS J141053.92+191858.9,212.724689,19.316383,0.48,Q
SDSS J091153.86+585810.1,137.974424,58.969518,0.83,Q
SDSS J081955.31+461522.0,124.980545,46.256137,1.02,Q
SDSS J132841.39+484234.3,202.172472,48.709531,0.41,A
SDSS J081603.83+430521.1,124.016067,43.089199,0.58,QX
SDSS J121718.97+324455.5,184.329082,32.748744,1.45,Q
SDSS J085107.94+233219.6,132.783137,23.538768,0.53,Q
SDSS J223546.22+202431.4,338.942592,20.408716,0.64,Q
SDSS J091448.41+045912.4,138.701711,4.986796,0.49,Q
SDSS J105159.69+370302.5,162.998688,37.050705,0.82,Q
SDSS J150529.51+565742.1,226.372969,56.961722,1.65,Q
SDSS J001812.08+061749.1,4.55035,6.296982,0.91,Q
SDSS J105515.74+265323.1,163.81558,26.889757,1.34,QR
SDSS J093454.21+295737.1,143.725885,29.960312,0.56,Q
SDSS J080415.02+002856.2,121.062631,0.482302,2.31,Q
SDSS J095555.25+123544.4,148.980212,12.595684,0.51,Q
SDSS J132207.85+334630.2,200.532755,33.775078,2.5,Q
SDSS J143730.46+075127.9,219.376927,7.857771,0.25,Q
SDSS J133329.45+154550.0,203.372696,15.763903,0.24,AX
SDSS J141248.68+253225.8,213.20284,25.540521,0.29,Q
SDSS J162729.59+515928.5,246.873328,51.991254,0.74,Q
SDSS J001126.59-021917.8,2.860835,-2.321643,1.04,Q
SDSS J164032.02+305602.9,250.133431,30.934159,0.46,A
SDSS J130759.09+492642.3,196.996214,49.44505,1.18,Q
SDSS J014438.32+070301.5,26.15969,7.050455,0.73,Q
SDSS J165043.44+425149.3,252.681022,42.86371,1.54,Q
SDSS J112851.66+420749.1,172.215248,42.13034,2.53,Q
SDSS J090324.85+595329.4,135.853582,59.891511,0.76,Q
SDSS J083512.14+271503.6,128.800606,27.251011,1.12,Q
SDSS J152123.23+092634.3,230.346828,9.442854,0.32,Q
SDSS J134543.02+374338.2,206.429276,37.727312,0.81,Q
SDSS J125956.27+625913.0,194.984476,62.986951,0.62,Q
SDSS J131026.27+622029.9,197.609439,62.341629,0.66,Q
SDSS J074844.90+513750.3,117.187115,51.630663,0.73,Q
SDSS J111255.67+570022.2,168.231962,57.006176,0.84,QX
SDSS J114402.53+264832.6,176.010576,26.809049,0.6,QX
SDSS J011301.28-020704.9,18.255322,-2.118039,2.31,Q
SDSS J114518.31+674941.4,176.326306,67.82818,0.59,Q
SDSS J103142.39+394220.0,157.926653,39.705568,0.41,Q
SDSS J080502.29+305242.2,121.259601,30.878394,0.94,Q
SDSS J083453.72+174556.2,128.723865,17.765611,3.28,Q
SDSS J220440.35+091334.5,331.168139,9.226242,0.71,Q
SDSS J145317.21+373808.2,223.321731,37.635636,0.88,Q
SDSS J133837.96+381423.0,204.658214,38.239734,0.6,Q
SDSS J095056.89+413347.3,147.737067,41.563156,0.24,AX
SDSS J074100.76+263404.7,115.253192,26.567998,0.83,Q
SDSS J101614.88+464750.3,154.062027,46.797321,0.8,Q
SDSS J151847.70+061259.0,229.698782,6.216396,0.49,QRX
SDSS J152738.91+445637.2,231.912148,44.943678,0.57,QX
SDSS J153739.63+555922.3,234.415129,55.989548,1.18,Q
SDSS J082820.91+555702.3,127.087103,55.950638,0.54,Q
SDSS J133409.50+461004.7,203.539587,46.167946,0.31,A
SDSS J144748.95+425506.0,221.953996,42.918353,0.85,Q
SDSS J133503.51+081640.5,203.764627,8.277949,0.32,A
SDSS J010206.13+084143.4,15.525563,8.695408,0.95,Q
SDSS J012602.95-090425.6,21.512304,-9.073808,0.51,Q
SDSS J133243.76+334553.7,203.18234,33.764923,0.59,Q
SDSS J082919.48+313834.3,127.331201,31.642875,0.9,Q
SDSS J154445.58+555213.8,236.189915,55.870532,3.15,Q
SDSS J165530.54+480729.2,253.877276,48.124778,0.52,Q
SDSS J103721.67+222941.8,159.340303,22.494944,0.63,Q
SDSS J000200.37+101244.4,0.50156,10.212378,0.85,Q
SDSS J002916.34+014306.1,7.318072,1.718359,0.68,Q
SDSS J073854.12+200041.4,114.725503,20.01156,2.42,Q
SDSS J093657.17+582752.8,144.238247,58.464681,0.38,A
SDSS J002224.18+305511.8,5.600777,30.919978,0.83,Q
SDSS J151726.37+474720.7,229.359922,47.789093,0.77,Q
SDSS J005132.94+180120.5,12.887246,18.022396,0.96,Q
SDSS J093617.35+362223.1,144.072311,36.373098,1.36,Q
SDSS J005455.08+345311.3,13.729563,34.886507,0.45,Q
SDSS J145841.19+085450.2,224.671653,8.913958,0.14,QX
SDSS J094525.29+382127.1,146.355403,38.357553,0.8,Q
SDSS J102204.53+430809.5,155.518849,43.135992,0.31,A
SDSS J123821.96+505319.1,189.591514,50.888639,0.72,Q
SDSS J163141.85+445617.2,247.924394,44.938122,0.74,Q
SDSS J233038.98+323214.7,352.66242,32.537444,0.98,Q
SDSS J115849.15+650258.3,179.704853,65.04953,0.7,Q
SDSS J080257.07+263231.1,120.737799,26.541995,2.21,Q
SDSS J112842.98+601346.7,172.179127,60.229627,0.86,Q
SDSS J103316.59+372039.3,158.319136,37.34424,0.63,Q
SDSS J231651.69+172154.3,349.215418,17.365113,0.74,Q
SDSS J084534.64+340424.0,131.394331,34.073336,2.14,Q
SDSS J115544.71+582549.4,178.936257,58.430397,0.32,Q
SDSS J111305.27+572451.2,168.271959,57.414247,1.71,Q
SDSS J113900.36+233941.6,174.751521,23.66158,0.19,A
SDSS J132410.43+630745.1,201.043531,63.129209,1.18,Q
SDSS J103240.29+642816.3,158.167923,64.471205,1.24,Q
SDSS J094847.59+491038.7,147.19833,49.177411,0.4,Q
SDSS J020719.25+054938.0,31.830243,5.827248,1,Q
SDSS J215412.23-031501.0,328.550955,-3.250277,0.49,A
SDSS J095641.68+111130.4,149.17369,11.191788,0.7,Q
SDSS J120923.12+504150.1,182.346376,50.697276,0.52,Q
SDSS J123626.18+220147.5,189.109098,22.029899,0.18,AX
SDSS J134220.22+475412.5,205.584265,47.903486,1.03,Q
SDSS J234519.88-031931.5,356.33287,-3.325414,0.58,Q
SDSS J150203.38+035842.1,225.514093,3.978393,0.72,Q
SDSS J160150.56+235457.5,240.460712,23.915984,1.71,Q
SDSS J094209.00+570019.6,145.537554,57.005446,0.35,NR
SDSS J091829.50+443312.3,139.622937,44.553416,0.57,Q
SDSS J145949.13+520925.4,224.954756,52.157073,0.69,QX
SDSS J005759.30+252322.0,14.4971,25.389475,0.66,Q
SDSS J151936.95+523006.5,229.904033,52.501797,0.7,Q
SDSS J000943.37+010459.8,2.430708,1.083261,0.45,Q
SDSS J000749.53+214508.7,1.956394,21.752441,0.93,Q
SDSS J010000.58+302301.9,15.00242,30.383891,1.66,Q
SDSS J125820.11+424551.3,194.583795,42.764277,0.57,Q
SDSS J131216.05+543318.8,198.06686,54.555226,0.36,A
SDSS J093622.81+511522.1,144.095073,51.256146,0.79,Q
SDSS J165157.31+192005.5,252.988798,19.33486,0.71,Q
SDSS J164022.88+480722.3,250.095369,48.122888,0.98,Q
SDSS J113208.19+354233.2,173.034148,35.709224,0.11,N
SDSS J151702.31+104206.6,229.259645,10.701836,0.79,Q
SDSS J153828.50+020646.6,234.618805,2.112961,0.31,A
SDSS J153154.37+024805.4,232.976572,2.801527,0.66,Q
SDSS J133358.49+044243.1,203.493738,4.711983,0.43,Q
SDSS J133322.30+341048.0,203.342948,34.179966,0.53,QX
SDSS J020159.29+282135.1,30.497071,28.359747,0.26,A
SDSS J094002.75+554033.5,145.011486,55.675998,1.95,Q
SDSS J211816.14+093448.5,319.567252,9.580161,0.5,Q
SDSS J133536.08+340125.6,203.900327,34.023771,0.38,AX
SDSS J161713.50+515618.8,244.306316,51.938574,0.19,AX
SDSS J081018.67+250921.2,122.577809,25.155897,0.26,Q
SDSS J095411.44+364007.1,148.547671,36.668676,1.41,Q
SDSS J092421.72+052211.9,141.090511,5.369969,0.75,Q
SDSS J011118.86+253823.1,17.828597,25.639756,0.62,Q
SDSS J104921.97+482259.4,162.341546,48.383181,1.56,Q
SDSS J143540.87+445614.4,218.920335,44.937339,0.55,Q
SDSS J152924.64-015343.4,232.352692,-1.89542,0.42,QX
SDSS J233911.06+012757.5,354.796104,1.465991,0.5,A
SDSS J090012.32+191730.0,135.051361,19.291669,0.44,A
SDSS J010729.01+304934.5,16.870853,30.826303,2.47,Q
SDSS J114010.12+102928.1,175.042229,10.491133,0.15,QX
SDSS J163435.59+372621.6,248.648303,37.439343,0.65,Q
SDSS J082009.75+425940.1,125.04067,42.994469,1.77,Q
SDSS J121535.13+055000.6,183.896412,5.833499,0.38,Q
SDSS J232840.37+293516.2,352.168207,29.587857,0.69,Q
SDSS J234823.78+270141.4,357.099082,27.028193,0.29,AR
SDSS J080340.14+363217.7,120.917254,36.538273,0.53,Q
SDSS J095757.93+562034.4,149.491429,56.342905,0.74,Q
SDSS J155321.40+572420.5,238.339206,57.405706,0.53,A
SDSS J120022.97+044651.7,180.09572,4.781043,0.27,Q
SDSS J150232.05+521902.1,225.633566,52.317257,1.33,Q
SDSS J124018.21+362932.4,190.075866,36.492344,0.19,AX
SDSS J160516.79+381726.1,241.32,38.290601,0.46,A
SDSS J114348.06+212234.5,175.950275,21.37625,0.76,Q
SDSS J222936.47+244041.7,337.401978,24.678245,0.58,Q
SDSS J131847.14+105245.0,199.696429,10.879186,0.84,Q
SDSS J153612.92+424415.3,234.053848,42.737566,0.48,A
SDSS J002512.07+264608.0,6.300271,26.768878,0.69,Q
SDSS J002627.93+334004.7,6.61636,33.667963,0.75,Q
SDSS J101804.11+150137.0,154.517146,15.026961,2.39,Q
SDSS J140325.01+470221.5,210.854242,47.039307,0.63,Q
SDSS J115953.74+505445.5,179.973899,50.912614,2.11,Q
SDSS J112019.95+385544.4,170.083173,38.928987,1.15,Q
SDSS J150300.90+042529.2,225.753815,4.424796,2.32,Q
SDSS J163354.08+441114.1,248.475386,44.187254,2.27,Q
SDSS J094719.97+583144.3,146.833237,58.528968,0.94,QX
SDSS J162232.29+203203.9,245.634572,20.534422,0.98,QR
SDSS J140452.30+565940.4,211.217918,56.994546,0.59,Q
SDSS J141923.73+034558.6,214.848905,3.766275,1.07,QR
SDSS J014355.98+234434.0,25.983265,23.742792,0.73,Q
SDSS J143522.51+442640.3,218.843821,44.444559,1.76,Q
SDSS J230040.81+233926.4,345.170031,23.657314,0.78,Q
SDSS J125707.20+462918.1,194.280022,46.488374,0.76,Q
SDSS J085302.12+480128.7,133.258861,48.024633,0.54,Q
SDSS J134103.63+353551.6,205.26515,35.597674,0.66,QX
SDSS J212548.76+020442.3,321.453212,2.07843,0.51,A
SDSS J145031.02+523305.6,222.629288,52.551578,1.19,Q
SDSS J022230.45-014029.1,35.626936,-1.674808,0.9,Q
SDSS J150302.19+601831.5,225.759149,60.308752,0.54,Q
SDSS J152814.29+382352.9,232.059541,38.398039,0.6,Q
SDSS J164931.54+405806.0,252.381442,40.968359,1.78,Q
SDSS J004059.31-031224.8,10.247168,-3.206857,2.44,Q
SDSS J080713.47+404616.1,121.806135,40.77118,0.89,Q
SDSS J085829.92+015033.4,134.624676,1.842626,0.63,Q
SDSS J141523.81+561937.7,213.849247,56.327153,0.73,Q
SDSS J144224.54+362314.3,220.602275,36.387321,0.33,Q
SDSS J100518.58+475903.6,151.327404,47.984365,0.54,QX
SDSS J074156.54+451244.1,115.485597,45.212256,0.4,QX
SDSS J235926.57+071114.3,359.860744,7.187315,1.58,Q
SDSS J162046.51+131558.3,245.193809,13.266203,0.47,Q
SDSS J150031.99+364955.4,225.133298,36.832064,0.46,Q
SDSS J011609.91+005659.2,19.041332,0.949795,1.93,Q
SDSS J150400.35+440931.5,226.001471,44.158742,0.46,AX
SDSS J020431.26+012204.9,31.130272,1.368052,0.21,AX
SDSS J163246.55+340526.1,248.193964,34.090605,0.82,Q
SDSS J125148.21+365608.7,192.950898,36.935751,2.02,Q
SDSS J141834.48+313239.5,214.643675,31.544313,2.69,Q
SDSS J161013.67+311756.4,242.55696,31.298994,0.24,A
SDSS J013957.20+303959.3,24.988344,30.66651,1.11,Q
SDSS J230828.23+085121.3,347.117636,8.85593,0.48,QX
SDSS J013201.09+002324.6,23.004552,0.390189,0.53,AX
SDSS J013506.29+290625.5,23.776224,29.107121,0.73,Q
SDSS J012625.96+331043.0,21.608202,33.17862,0.59,Q
SDSS J144457.06+175448.5,221.237765,17.913493,0.99,Q
SDSS J092523.45+263327.6,141.34773,26.557685,0.86,Q
SDSS J143510.52+514747.2,218.793844,51.796451,0.48,Q
SDSS J011716.38+174429.7,19.318277,17.741588,0.97,Q
SDSS J143959.27+080849.9,219.997014,8.147203,0.77,Q
SDSS J170603.36+385014.9,256.51402,38.83749,0.49,A
SDSS J004936.40+014436.3,12.401678,1.743462,1.23,Q
SDSS J094912.20+511528.8,147.300831,51.258013,0.36,AR
SDSS J113342.58+541612.9,173.427417,54.270257,0.44,Q
SDSS J014854.73-045148.6,27.228071,-4.86351,0.66,Q
SDSS J162628.41+155702.2,246.618414,15.950637,2.3,Q
SDSS J105610.99+434930.4,164.045808,43.825119,0.3,A
SDSS J155916.60+514916.6,239.819201,51.821301,0.98,AR
SDSS J074831.74+344710.5,117.132248,34.78626,1.73,Q
SDSS J152941.01+464517.6,232.420883,46.754894,2.42,Q
SDSS J161946.73+172937.2,244.944722,17.4937,0.69,QX
SDSS J171402.88+375100.5,258.512043,37.850137,0.62,Q
SDSS J134431.88+612328.1,206.132856,61.391155,0.85,Q
SDSS J165858.83+305316.2,254.745144,30.887821,0.59,Q
SDSS J223022.31+030422.7,337.593001,3.072973,0.76,QR
SDSS J092926.64+344933.1,142.361031,34.825897,0.58,Q
SDSS J090832.03+621642.9,137.133448,62.278614,0.36,Q
SDSS J215941.36+090821.8,329.922336,9.139404,0.72,Q
SDSS J155422.37+101616.7,238.593267,10.271311,1.26,Q
SDSS J231421.30+034404.9,348.588814,3.734708,0.68,Q
SDSS J140956.73+511205.9,212.486412,51.20165,0.52,Q
SDSS J085247.10+065223.2,133.196268,6.873123,0.47,Q
SDSS J163317.00+165310.3,248.32086,16.88621,0.87,Q
SDSS J095210.01+121317.7,148.04173,12.221616,0.86,Q
SDSS J131243.73+463647.2,198.182244,46.613114,0.5,AX
SDSS J013424.11+102243.7,23.600492,10.378803,2.01,Q
SDSS J084826.17+301931.2,132.109055,30.325352,0.47,Q
SDSS J230437.88+234802.3,346.157863,23.800654,0.51,Q
SDSS J125312.84+111147.6,193.303506,11.196567,2.46,Q
SDSS J133510.88+391136.0,203.795357,39.193365,0.59,QX
SDSS J122326.26+363533.1,185.859438,36.59254,1,Q
SDSS J085449.00+022156.6,133.704193,2.365732,0.99,QX
SDSS J000118.89+041926.3,0.328738,4.324036,0.97,Q
SDSS J085744.66+012951.8,134.436132,1.497757,2.47,Q
SDSS J095116.21+291650.3,147.817536,29.280643,0.76,Q
SDSS J085056.94+014711.0,132.737272,1.78639,0.41,Q
SDSS J073429.54+322611.5,113.623105,32.436541,1.12,QR
SDSS J004140.52+155637.2,10.418867,15.943695,1.03,Q
SDSS J155505.99+455008.7,238.775005,45.835763,0.37,Q
SDSS J112725.49+144838.0,171.85624,14.810567,0.75,Q
SDSS J015822.71+113002.5,29.594652,11.500726,0.75,Q
SDSS J085003.82+485056.1,132.51593,48.848926,2.68,Q
SDSS J111310.09+334020.9,168.292097,33.672467,0.47,Q
SDSS J161512.49+182354.0,243.802055,18.398338,1.02,QR
SDSS J135950.59+625657.1,209.960831,62.94922,0.32,A
SDSS J122310.63+080842.9,185.794289,8.145288,0.25,AX
SDSS J151725.25+594213.0,229.355272,59.703563,0.49,Q
SDSS J125032.41+675245.5,192.635067,67.879306,2.53,QR
SDSS J134022.68+381422.5,205.094528,38.239604,0.51,Q
SDSS J105454.05+395955.7,163.725229,39.998821,0.6,Q
SDSS J113733.90+212540.9,174.391257,21.428046,2.87,Q
SDSS J143001.76-021717.7,217.507348,-2.2883,0.29,A
SDSS J093412.83+074538.3,143.553511,7.760663,0.35,Q
SDSS J122707.90+575911.2,186.78289,57.986451,0.77,Q
SDSS J113733.13+430744.1,174.388064,43.128926,0.54,Q
SDSS J112933.14+402119.3,172.388083,40.355367,0.2,NR
SDSS J160454.51+470518.8,241.227162,47.088575,1.01,Q
SDSS J014759.16-101247.6,26.996528,-10.213237,2.25,Q
SDSS J230834.02+293837.1,347.14174,29.643657,0.84,Q
SDSS J122700.36+425506.6,186.751553,42.9185,0.64,Q
SDSS J022759.56+035312.7,36.998208,3.886886,0.72,Q
SDSS J091901.14+611715.4,139.754794,61.287633,0.22,A
SDSS J094333.60+513652.7,145.889965,51.614676,0.97,Q
SDSS J074937.34+374947.8,117.405624,37.829952,0.83,Q
SDSS J155802.07+242212.6,239.50864,24.370162,0.53,Q
SDSS J022408.67+022314.0,36.036142,2.387224,0.75,Q
SDSS J111517.79+255922.0,168.824162,25.989475,2.11,Q
SDSS J023116.38-032547.2,37.818292,-3.429792,1.02,Q
SDSS J124059.82+283045.1,190.249218,28.512538,0.49,QX
SDSS J083701.67+525025.0,129.25699,52.840274,0.88,Q
SDSS J092124.23+103517.5,140.351046,10.58809,0.49,Q
SDSS J231239.40+273420.4,348.164186,27.572341,0.37,A
SDSS J172519.57+275758.0,261.331561,27.966095,2.52,Q
SDSS J080906.60+424947.1,122.277494,42.829764,0.57,Q
SDSS J120934.15+482803.5,182.392299,48.467639,1.44,Q
SDSS J014545.95+083904.4,26.441474,8.65122,0.64,Q
SDSS J095119.11+433028.2,147.829663,43.507838,0.83,Q
SDSS J143921.55+343412.1,219.839825,34.570026,0.6,QX
SDSS J145516.50+401427.9,223.818766,40.241079,0.4,Q
SDSS J152014.85+283953.8,230.061888,28.664932,0.58,Q
SDSS J091101.96+005054.9,137.758182,0.8486,0.61,Q
SDSS J164923.48+524420.8,252.347855,52.739145,0.82,QX
SDSS J124836.44+631925.4,192.151869,63.323723,1.23,Q
SDSS J222311.63+214421.9,335.798459,21.739445,0.44,Q
SDSS J095631.18+183113.4,149.12993,18.520382,2.63,Q
SDSS J033609.54-061913.1,54.039782,-6.320326,0.43,AX
SDSS J101114.42+253731.3,152.810109,25.625364,0.4,Q
SDSS J084939.18+213356.4,132.413258,21.565686,0.44,A
SDSS J105959.56+284133.4,164.998164,28.692605,1.28,Q
SDSS J082154.29+224945.6,125.476255,22.829326,1,Q
SDSS J141505.91+044546.1,213.774624,4.762815,0.24,QX
SDSS J211028.35-064253.3,317.61811,-6.714827,0.53,Q
SDSS J163009.17+294735.6,247.538242,29.793208,0.63,QX
SDSS J210221.98+093940.1,315.59161,9.661137,0.51,Q
SDSS J072004.52+392226.2,110.018861,39.373951,0.34,A
SDSS J104026.54+344330.5,160.110576,34.725143,1.67,Q
SDSS J093644.48+651130.7,144.185309,65.191884,0.81,Q
SDSS J170725.42+425245.5,256.855937,42.879328,0.66,Q
SDSS J162450.13+075418.0,246.208865,7.905012,0.45,Q
SDSS J000453.83+001546.0,1.22431,0.2628,2.86,QX
SDSS J001000.33+233154.9,2.501376,23.531955,0.98,Q
SDSS J133812.84+592332.0,204.553476,59.392229,1.61,Q
SDSS J020037.90+193827.5,30.157927,19.641013,0.65,Q
SDSS J121758.17+271910.2,184.492393,27.319522,0.49,A
SDSS J003329.60+051210.4,8.373379,5.202898,0.83,Q
SDSS J121223.41+345322.5,183.097605,34.889606,0.37,A
SDSS J170419.77+355736.2,256.082408,35.960099,0.5,Q
SDSS J090209.54+525102.1,135.539791,52.850585,0.45,A
SDSS J130844.74+392628.1,197.186419,39.441152,1.58,Q
SDSS J005113.45+202107.1,12.806028,20.352005,0.59,Q
SDSS J081126.78+183353.7,122.861567,18.564925,0.83,Q
SDSS J160853.57+393839.2,242.223226,39.644253,0.56,Q
SDSS J110128.91+670057.8,165.3705,67.016073,0.87,Q
SDSS J090435.96+060033.6,136.149832,6.009352,0.99,Q
SDSS J115933.57+580627.8,179.889995,58.107655,0.21,A
SDSS J083028.31+380442.2,127.618025,38.078393,1.75,QX
SDSS J215941.64+064910.3,329.92355,6.819574,0.81,Q
SDSS J083207.72+235131.7,128.032198,23.858814,0.87,Q
SDSS J222505.62+163504.1,336.273441,16.584498,0.45,A
SDSS J003237.70+093949.7,8.157125,9.663826,0.87,Q
SDSS J100456.45+223215.3,151.235232,22.537598,0.42,Q
SDSS J205623.36+003544.0,314.097347,0.595559,0.69,Q
SDSS J152651.11+264433.8,231.71295,26.74274,0.58,Q
SDSS J133057.70+275553.8,202.740445,27.93162,0.81,Q
SDSS J164212.15+483155.1,250.550629,48.531974,1.04,Q
SDSS J143833.24+102008.6,219.638509,10.335731,0.23,AX
SDSS J105451.05+215300.0,163.71275,21.883343,0.6,Q
SDSS J150441.17+071622.0,226.171566,7.272762,0.23,A
SDSS J123401.63+582857.2,188.506788,58.48256,0.34,A
SDSS J102619.34+465354.9,156.580618,46.898572,0.81,Q
SDSS J081358.40+235500.5,123.493338,23.916804,0.45,A
SDSS J134152.95+213654.1,205.470623,21.615074,0.53,Q
SDSS J100044.41+561307.8,150.185049,56.21883,0.63,Q
SDSS J144627.31+625928.5,221.613823,62.991258,0.72,Q
SDSS J222656.49+224418.3,336.73539,22.73844,0.57,Q
SDSS J135243.57+481512.2,208.181616,48.253407,1.84,Q
SDSS J171948.30+385143.0,259.951278,38.861945,0.76,QR
SDSS J130207.93+273414.2,195.533074,27.570637,0.73,QX
SDSS J151014.46+605423.7,227.560237,60.906587,2.2,Q
SDSS J104204.46+255241.3,160.518619,25.878145,1.5,Q
SDSS J094114.22+311058.3,145.309269,31.182865,0.62,QX
SDSS J114721.46+411535.5,176.839451,41.259852,0.53,Q
SDSS J124010.09+514058.2,190.042082,51.682837,2.41,Q
SDSS J162412.42+560330.7,246.051793,56.058525,0.85,Q
SDSS J131103.07+291107.1,197.762815,29.18529,1.77,QR
SDSS J144743.69+025853.7,221.932063,2.981577,1.87,QX
SDSS J153457.41+470426.5,233.739235,47.074045,0.89,Q
SDSS J015632.33+073532.5,29.134749,7.592368,0.69,Q
SDSS J080048.16+265151.0,120.200692,26.864177,0.69,Q
SDSS J124523.15+460151.4,191.346496,46.030943,0.57,Q
SDSS J114032.47+390026.3,175.135325,39.007309,0.37,A
SDSS J075307.15+290935.0,118.279822,29.15975,0.89,QX
SDSS J015419.64-014905.7,28.581855,-1.818244,0.97,Q
SDSS J130622.96+225752.9,196.595688,22.964715,0.75,QR
SDSS J235207.35+281722.0,358.030621,28.289433,0.79,Q
SDSS J084130.80+464843.3,130.378334,46.812009,0.62,Q
SDSS J231521.07+335014.3,348.837776,33.837335,1.38,Q
SDSS J171728.04+413141.4,259.366865,41.528161,1.01,Q
SDSS J172128.24+375420.3,260.367687,37.905651,1.31,Q
SDSS J151652.68+064407.3,229.219539,6.735355,0.82,QX
SDSS J003141.83+061432.1,7.924335,6.24228,0.73,Q
SDSS J214754.23+000101.3,326.975992,0.017044,0.76,Q
SDSS J004242.08+163744.3,10.675323,16.628975,0.89,Q
SDSS J080719.80+450555.9,121.832521,45.098862,0.95,Q
SDSS J120751.79+604706.6,181.965819,60.785171,0.38,QR
SDSS J100625.91+045520.2,151.608006,4.922291,0.75,Q
SDSS J132803.45+033142.3,202.014413,3.528416,2.23,Q
SDSS J123919.15+481500.5,189.829814,48.250157,1.21,Q
SDSS J001757.50+291435.1,4.489597,29.243128,0.57,Q
SDSS J145548.09+573216.5,223.950391,57.537944,1,QR
SDSS J010254.41+330637.1,15.726755,33.110333,0.4,Q
SDSS J002958.68+055004.3,7.49454,5.83453,1.09,QX
SDSS J135510.15+330556.8,208.79234,33.099136,0.13,AX
SDSS J162406.48+174200.0,246.027019,17.70002,1.23,Q
SDSS J210806.49+051150.9,317.027065,5.197503,0.92,Q
SDSS J143449.55+503549.6,218.706505,50.59712,0.31,A
SDSS J022939.94+044355.4,37.416424,4.732073,0.58,Q
SDSS J164858.36+340059.8,252.243173,34.016652,2.14,Q
SDSS J150823.57+515956.0,227.098219,51.998871,0.76,Q
SDSS J000145.32+214346.9,0.438864,21.7297,1.16,Q
SDSS J012941.30+305438.2,22.422121,30.910639,0.5,Q
SDSS J131440.18+482940.9,198.667415,48.494706,0.5,Q
SDSS J155238.22+425214.3,238.159301,42.870643,1.77,Q
SDSS J162242.83+274549.5,245.67849,27.763768,0.74,Q
SDSS J080414.70+484524.9,121.061288,48.756924,1.24,Q
SDSS J012633.83+255611.0,21.640937,25.93642,0.42,QX
SDSS J075631.23+411346.9,119.130191,41.22972,0.46,AX
SDSS J090345.17+484016.1,135.938233,48.671169,0.23,A
SDSS J084721.90+520226.5,131.84127,52.040677,0.16,Q
SDSS J073909.74+242511.1,114.790607,24.419762,0.43,Q
SDSS J144021.56+310924.4,220.089841,31.156794,1.7,Q
SDSS J145624.00+421800.2,224.100009,42.300072,0.19,A
SDSS J015332.40+281913.3,28.384992,28.320367,0.86,Q
SDSS J112422.35+325153.0,171.093186,32.864755,0.4,A
SDSS J094510.03+554625.5,146.291784,55.773768,0.64,Q
SDSS J140130.80+570453.2,210.378373,57.081451,0.41,QRX
SDSS J122742.47+295434.3,186.926943,29.909555,0.91,Q
SDSS J103149.68+450445.1,157.957032,45.079209,2.46,Q
SDSS J141210.18+520423.3,213.042412,52.073164,2.95,QX
SDSS J162956.06+301704.5,247.483568,30.28459,0.7,Q
SDSS J084258.31+532132.8,130.742938,53.359137,0.6,Q
SDSS J212136.36+003346.4,320.401509,0.562893,0.51,Q
SDSS J003310.97+262603.4,8.295732,26.434335,0.78,Q
SDSS J163708.09+304735.4,249.283725,30.793182,0.49,A
SDSS J140421.75+363915.8,211.090638,36.654409,0.4,A
SDSS J163904.41+415705.3,249.768382,41.951494,0.94,Q
SDSS J102636.11+632114.0,156.650492,63.353902,0.91,Q
SDSS J141214.33+543630.9,213.059695,54.608613,2.28,Q
SDSS J085041.61+405755.1,132.673393,40.965312,0.64,Q
SDSS J103656.72+385804.3,159.236389,38.967877,0.64,Q
SDSS J090041.35+411416.5,135.172306,41.23794,0.64,Q
SDSS J140010.27+313342.0,210.0428,31.561672,0.76,Q
SDSS J163837.57+263016.6,249.656533,26.50463,0.63,Q
SDSS J170140.78+440033.4,255.419915,44.009306,0.92,Q
SDSS J001146.11+021929.5,2.942155,2.324891,0.67,Q
SDSS J144342.50+440137.5,220.927087,44.027134,0.8,Q
SDSS J115705.66+200850.5,179.273608,20.147394,0.49,Q
SDSS J131758.81+671210.9,199.495103,67.203063,2.22,Q
SDSS J122913.10+033218.7,187.304606,3.538529,2.36,QX
SDSS J015705.90+111253.7,29.274574,11.214926,1.08,Q
SDSS J213914.75-014250.5,324.811463,-1.714052,0.45,A
SDSS J094144.89+270021.8,145.437073,27.006092,0.59,Q
SDSS J221457.47+070055.4,333.739485,7.015415,0.72,Q
SDSS J132202.17+394231.8,200.509046,39.708839,0.25,AX
SDSS J161944.99+365636.2,244.937462,36.943392,0.72,QR2
SDSS J121503.92+125331.4,183.766385,12.892053,0.61,QX
SDSS J091915.38+554007.3,139.814112,55.6687,1.77,QR
SDSS J231240.03-083919.8,348.166817,-8.655521,0.15,Q
SDSS J145321.79+404639.4,223.340812,40.777598,0.86,Q
SDSS J014151.32+063826.5,25.463911,6.640733,0.68,QR
SDSS J233759.51-085615.9,354.49799,-8.937739,0.43,A
SDSS J010455.67+123819.0,16.231983,12.638613,0.8,Q
SDSS J163726.55+193516.2,249.36068,19.587821,0.76,Q
SDSS J015658.40+001615.9,29.243356,0.271086,0.35,Q
SDSS J103706.13+604022.7,159.275588,60.672995,0.68,Q
SDSS J101854.12+572647.7,154.725525,57.446589,0.43,QX
SDSS J122618.62+534821.1,186.577594,53.805853,0.59,QX
SDSS J155739.65+083213.8,239.415232,8.53716,0.72,Q
SDSS J145744.61+462235.5,224.43586,46.376551,1.41,Q
SDSS J160132.68+560435.9,240.386217,56.076629,3.15,Q
SDSS J090655.42+274928.3,136.730954,27.824526,0.78,QR2
SDSS J013833.17+314025.2,24.638197,31.67369,0.99,Q
SDSS J142734.47+421555.9,216.893649,42.265552,0.27,QX
SDSS J234428.77+034141.5,356.119899,3.694878,0.63,Q
SDSS J133245.91+080217.6,203.191327,8.038225,2.72,Q
SDSS J102407.32+380902.4,156.030499,38.150654,0.65,Q
SDSS J083453.35+452130.4,128.72229,45.358438,2.07,Q
SDSS J135413.19+365607.9,208.554978,36.935547,1.28,Q
SDSS J080806.59+563703.6,122.0275,56.617657,0.58,Q
SDSS J143245.38+563107.0,218.189112,56.51861,0.81,Q
SDSS J150925.07+614258.3,227.35446,61.716197,0.28,A
SDSS J112211.22+223815.3,170.546749,22.637592,0.36,A
SDSS J075204.01+345711.3,118.016724,34.953152,1.72,Q
SDSS J144920.25+553429.4,222.334433,55.574814,0.46,Q
SDSS J222328.64-090448.8,335.869357,-9.080211,0.63,Q
SDSS J141905.16+522527.6,214.771523,52.424338,1.6,QX
SDSS J130410.33+594141.4,196.043064,59.694841,0.65,Q
SDSS J112410.99+104934.7,171.045803,10.826285,0.51,Q
SDSS J024205.81-032557.7,40.524229,-3.432703,0.77,Q
SDSS J153952.47+300842.1,234.968659,30.145042,0.84,Q
SDSS J225552.14+052813.0,343.967265,5.470316,0.96,Q
SDSS J114229.55+444724.9,175.623165,44.790264,0.8,QR
SDSS J125407.07+530842.9,193.529527,53.14525,0.76,Q
SDSS J010129.63+240011.3,15.37345,24.003151,0.76,Q
SDSS J144542.42+091815.3,221.426746,9.304265,0.66,Q
SDSS J083709.66+295116.0,129.29025,29.854461,0.67,Q
SDSS J082822.69+135246.7,127.094525,13.87966,0.94,Q
SDSS J130527.09+212728.2,196.362883,21.457871,0.76,Q
SDSS J010736.27+031248.3,16.901125,3.213461,0.73,Q
SDSS J225308.78+175049.6,343.286594,17.847135,0.47,Q
SDSS J092716.07+302355.4,141.816993,30.398747,1.79,QX
SDSS J111436.79+353950.6,168.653301,35.664051,0.62,Q
SDSS J155351.10+074043.4,238.462924,7.678714,0.95,Q
SDSS J162730.08+444241.2,246.875362,44.711439,0.22,A
SDSS J154849.96+151023.9,237.208191,15.173309,0.74,Q
SDSS J085739.33+013254.6,134.413875,1.548522,0.43,Q
SDSS J134328.00+291247.9,205.866664,29.213331,3.63,Q
SDSS J081635.52+334748.7,124.148074,33.796856,0.51,AR
SDSS J160706.10+382147.5,241.775479,38.363207,1.77,Q
SDSS J115216.60+452950.1,178.069192,45.497275,1.06,Q
SDSS J084255.61+570029.7,130.731735,57.008231,2.66,Q
SDSS J020836.08-060528.9,32.150316,-6.091391,1.04,QX
SDSS J072916.80+444243.0,112.319969,44.711942,0.61,Q
SDSS J224309.29+192111.1,340.788739,19.353088,1.01,Q
SDSS J215805.26-030303.3,329.521945,-3.05093,0.7,Q
SDSS J162926.70+342746.0,247.361275,34.462789,1.54,Q
SDSS J221402.38+294344.3,333.509946,29.728969,0.8,Q
SDSS J025927.23+011144.3,44.863471,1.195645,0.89,Q
SDSS J084551.86+233410.1,131.466072,23.569476,1.21,Q
SDSS J215701.82+102439.1,329.257597,10.410858,0.71,Q
SDSS J010153.95+050622.4,15.474791,5.106242,0.84,Q
SDSS J111619.41+365619.7,169.080902,36.938804,1.14,Q
SDSS J115829.40+493117.4,179.622535,49.521532,0.7,Q
SDSS J015046.15+164331.3,27.692336,16.725395,1.22,Q
SDSS J115714.47+461433.1,179.310314,46.242538,0.66,Q
SDSS J210922.56+085615.7,317.343997,8.937709,0.76,QR
SDSS J123923.24+361107.0,189.846841,36.185292,0.19,A
SDSS J090924.03+371526.9,137.350147,37.257476,0.69,QR
SDSS J124812.38-022541.9,192.051617,-2.428319,0.6,Q
SDSS J000116.51-031050.2,0.318828,-3.180616,1.1,Q
SDSS J000212.79+251511.5,0.553308,25.253213,0.75,Q
SDSS J001429.18+035429.5,3.621577,3.908202,0.55,QX
SDSS J220117.64+052305.8,330.323543,5.384969,0.99,Q
SDSS J014627.19+002100.9,26.613334,0.350269,0.4,A
SDSS J080526.71+503250.4,121.361313,50.547322,0.57,Q
SDSS J141720.29+514032.3,214.334585,51.675632,0.68,QX
SDSS J235323.32+264145.9,358.347189,26.696085,0.67,QR
SDSS J142341.94+204001.5,215.924773,20.667126,0.84,Q
SDSS J134603.18+643533.6,206.513335,64.592673,2.95,QX
SDSS J080906.12+210454.6,122.275526,21.081837,0.75,QX
SDSS J235601.58-084854.2,359.006595,-8.815123,0.68,Q
SDSS J141100.05+325009.7,212.750255,32.836027,0.58,Q
SDSS J105955.95+493042.8,164.983141,49.511902,1.49,Q
SDSS J152454.09+534245.7,231.225361,53.712696,0.74,Q
SDSS J155205.50+443852.9,238.022935,44.64802,0.89,Q
SDSS J144036.52+183921.9,220.152173,18.656086,0.61,Q
SDSS J091204.22+304516.9,138.017619,30.754722,0.39,Q
SDSS J155111.30+450636.9,237.797106,45.110255,0.58,QX
SDSS J085423.62+340139.4,133.598429,34.027641,2.99,Q
SDSS J133952.53+135504.0,204.968883,13.917792,0.24,AX
SDSS J223834.93+124006.8,339.645581,12.668567,0.68,Q
SDSS J112101.30+080926.3,170.255419,8.157337,0.5,Q
SDSS J224308.38+292500.6,340.784925,29.41684,0.47,QRX
SDSS J114451.74+162234.1,176.215578,16.376141,0.48,Q
SDSS J073810.08+390456.9,114.542024,39.082482,0.27,AX
SDSS J122345.62+434854.0,185.940107,43.815017,0.46,Q
SDSS J153845.29+272029.7,234.688764,27.341567,0.37,A
SDSS J080421.00+133227.6,121.087487,13.541014,2.43,Q
SDSS J140440.00+482732.6,211.166687,48.459055,0.84,Q
SDSS J111947.50+225147.6,169.947986,22.863215,0.49,QX
SDSS J154802.79+313647.9,237.011651,31.613329,0.58,Q
SDSS J115047.90+410515.6,177.69961,41.087668,0.78,Q
SDSS J153121.52+250053.2,232.839695,25.014764,0.83,Q
SDSS J085949.51+440723.4,134.956317,44.12317,0.63,Q
SDSS J135524.56+363642.3,208.852362,36.611725,0.73,Q
SDSS J001840.13+350205.7,4.667241,35.034943,0.73,QX
SDSS J122112.09+381801.3,185.300419,38.300361,1.58,Q
SDSS J154728.97+223001.4,236.870727,22.500408,0.55,Q
SDSS J011249.24-071147.3,18.205249,-7.196508,1.95,Q
SDSS J144917.45+253621.0,222.322752,25.605878,0.69,Q
SDSS J165219.52+401413.0,253.081322,40.236941,0.34,Q
SDSS J020044.60+215443.0,30.185843,21.911982,0.49,Q
SDSS J165655.03+411628.7,254.229336,41.274666,0.95,Q
SDSS J022909.46+024503.5,37.289462,2.750991,0.48,A
SDSS J222546.50+005341.3,336.443759,0.894813,0.97,Q
SDSS J003643.02+284311.8,9.1793,28.719939,0.52,Q
SDSS J102312.94+440724.9,155.803947,44.123594,0.58,Q
SDSS J083359.29+141054.3,128.49707,14.181753,0.21,AX
SDSS J224643.21+320358.0,341.680061,32.066124,0.33,A
SDSS J223427.53+192912.1,338.614727,19.486717,1.47,Q
SDSS J113903.46+590350.3,174.764481,59.064021,1.67,Q
SDSS J124632.27+534814.5,191.634497,53.804019,1.02,Q
SDSS J004853.34+261933.2,12.222244,26.325928,1.72,Q
SDSS J081156.01+433000.5,122.98337,43.500152,1.7,QR
SDSS J115050.71+353149.1,177.711319,35.530304,0.2,A
SDSS J205049.27+000559.1,312.705322,0.09977,0.88,Q
SDSS J093941.54+272743.0,144.923128,27.461976,0.72,Q
SDSS J214331.34-015915.4,325.880621,-1.987645,1.25,QR
SDSS J080002.21+220233.8,120.009206,22.042721,0.66,Q
SDSS J125356.53+194811.7,193.485515,19.803267,0.79,Q
SDSS J003013.92+145847.1,7.558014,14.979765,0.44,Q
SDSS J115100.57+415737.8,177.752363,41.960503,0.4,A
SDSS J122723.15+304743.5,186.846415,30.79544,0.22,AX
SDSS J130033.52+572835.0,195.139725,57.476383,0.33,QX
SDSS J141550.33+385236.3,213.959734,38.876762,0.64,Q
SDSS J013735.49+165027.0,24.397864,16.840833,1.02,QX
SDSS J022505.36+000540.5,36.272348,0.09461,0.21,AX
SDSS J073738.93+234451.8,114.412203,23.747739,0.86,Q
SDSS J164559.06+261658.4,251.496075,26.282893,2.49,Q
SDSS J003611.97+203324.6,9.049898,20.556872,1.66,Q
SDSS J223718.03+255941.4,339.325134,25.99483,0.8,Q
SDSS J115802.27+571121.3,179.509472,57.189266,1.95,Q
SDSS J093256.83+420315.3,143.23684,42.05426,0.84,Q
SDSS J140120.30+075037.4,210.334598,7.843719,0.98,Q
SDSS J150654.38+173456.7,226.726615,17.582425,0.5,Q
SDSS J004843.69-011125.3,12.18205,-1.190365,0.67,Q
SDSS J132909.86+210821.9,202.29109,21.139458,0.77,Q
SDSS J140901.87+294633.6,212.257855,29.775964,1.58,Q
SDSS J152359.40+572555.0,230.997511,57.431949,1.66,Q
SDSS J012609.19+311120.9,21.538292,31.189167,0.85,Q
SDSS J225437.84+271012.7,343.657676,27.170202,0.86,Q
SDSS J122254.86+381657.3,185.728611,38.282585,0.56,Q
SDSS J003529.96+211246.1,8.874845,21.21285,2.47,Q
SDSS J230003.12+293930.0,345.013064,29.658346,0.81,Q
SDSS J084833.07+303328.6,132.137871,30.557952,2.37,Q
SDSS J164852.28+492055.7,252.217841,49.348797,0.19,AX
SDSS J223932.12+211308.8,339.883831,21.219115,0.45,QX
SDSS J155844.51+215407.0,239.685464,21.901959,0.57,Q
SDSS J021330.32+304931.9,33.376363,30.825534,0.97,Q
SDSS J235723.96-091545.7,359.349838,-9.262714,0.8,Q
SDSS J005918.38+094058.3,14.826606,9.682871,0.78,Q
SDSS J150414.72+401751.6,226.061346,40.297692,0.34,AX
SDSS J172208.37+282401.5,260.534891,28.400422,0.45,QRX
SDSS J121640.85+442400.4,184.170227,44.400129,1.98,Q
SDSS J010652.50+301753.1,16.718789,30.298106,0.95,Q
SDSS J171049.47+325215.6,257.706143,32.871009,0.85,Q
SDSS J085225.33+214412.8,133.105549,21.736905,1.74,Q
SDSS J092947.91+304400.4,142.449657,30.733426,0.5,Q
SDSS J154240.38+453859.2,235.668271,45.649797,0.43,AX
SDSS J162815.89+401404.3,247.066216,40.234546,0.34,A
SDSS J025226.30+022430.4,43.109626,2.408493,0.83,Q
SDSS J215627.22+194240.5,329.113412,19.711241,0.79,Q
SDSS J022057.40+005002.4,35.239228,0.834012,1.29,Q
SDSS J171035.12+364457.0,257.646347,36.749172,0.22,QX
SDSS J234637.45+021028.7,356.656075,2.174667,0.65,Q
SDSS J152321.88+544220.3,230.841127,54.705666,0.55,QX
SDSS J011954.37+253257.6,19.976545,25.549372,2.06,Q
SDSS J004150.65+000728.1,10.46106,0.124477,0.45,AR
SDSS J084841.87+472353.6,132.174481,47.398239,0.65,QR
SDSS J144923.71+502826.8,222.348825,50.474122,0.25,A
SDSS J012519.44+244010.4,21.331,24.669577,0.5,Q
SDSS J164522.48+222130.9,251.343726,22.358594,2.32,Q
SDSS J082720.70+374706.7,126.836324,37.785224,0.82,QR2
SDSS J133842.28+340819.4,204.676191,34.138712,1.82,Q
SDSS J130827.76+381116.8,197.115708,38.188009,0.6,QX
SDSS J081527.70+453452.6,123.865412,45.581279,0.5,QRX
SDSS J232144.04+264738.7,350.433542,26.794081,0.37,A
SDSS J140435.10+531720.9,211.146302,53.289165,0.44,Q
SDSS J092147.04+371004.3,140.445998,37.167874,2.05,QX
SDSS J224936.92+091834.2,342.403841,9.309509,0.76,Q
SDSS J000923.32+360836.7,2.347173,36.143535,1.25,Q
SDSS J012622.92+201731.1,21.595529,20.291975,1.92,Q
SDSS J144943.66+041046.9,222.431921,4.179699,0.75,Q
SDSS J220959.21+220310.5,332.496726,22.052924,0.35,A
SDSS J161806.36+491209.4,244.526509,49.202613,0.66,Q
SDSS J015232.08+125806.9,28.133703,12.968595,0.4,A
SDSS J101811.09+030043.5,154.546247,3.012094,0.54,Q
SDSS J103903.81+291711.2,159.765955,29.286433,0.58,Q
SDSS J115357.45+460107.1,178.489394,46.01869,0.27,AX
SDSS J162444.89+415139.0,246.187045,41.860842,0.24,Q
SDSS J120428.63+232357.7,181.119376,23.399334,0.27,Q
SDSS J223741.03+164010.8,339.420983,16.669665,0.61,QR
SDSS J104057.34+082502.4,160.238924,8.417355,0.41,Q
SDSS J214128.40+005257.9,325.36835,0.882768,1.61,Q
SDSS J113939.36+025534.2,174.914033,2.926196,0.24,AX
SDSS J104724.96+655820.4,161.854008,65.972331,0.94,Q
SDSS J145200.37+500017.2,223.00155,50.004801,0.39,A
SDSS J015521.98-054951.9,28.841638,-5.831087,2.65,Q
SDSS J140633.38+413041.4,211.639128,41.511521,1.89,QX
SDSS J142614.83+350616.0,216.561805,35.10444,0.21,AX
SDSS J084252.44+500936.7,130.718531,50.1602,0.69,QX
SDSS J135255.64+555016.3,208.231911,55.837888,2.07,Q
SDSS J001515.30+283150.8,3.81374,28.530811,0.99,Q
SDSS J110559.56+022230.4,166.498168,2.375118,0.71,Q
SDSS J001026.57+123133.7,2.610702,12.526013,1.06,Q
SDSS J145512.15+584826.2,223.800629,58.807283,0.57,QX
SDSS J110223.56+574436.3,165.59819,57.743386,0.22,QX
SDSS J132326.64+353253.1,200.861024,35.548138,1.06,Q
SDSS J145501.91+144734.8,223.758043,14.792987,1.42,Q
SDSS J075330.31+532144.2,118.3763,53.362284,0.38,A
SDSS J132017.29+603531.9,200.072045,60.592228,0.84,QR
SDSS J172059.91+355258.4,260.249642,35.882892,2.93,Q
SDSS J163339.18+502612.7,248.413265,50.436873,0.81,Q
SDSS J101627.89+253936.8,154.116222,25.660197,0.62,QR
SDSS J230922.16+034439.7,347.342379,3.744384,0.6,Q
SDSS J215200.62+024842.3,328.002604,2.811744,0.68,Q
SDSS J091906.37+070520.0,139.776569,7.0889,0.72,QR2
SDSS J081835.72+381944.6,124.648869,38.329058,0.64,Q
SDSS J125717.41+104648.8,194.322527,10.780273,2.64,Q
SDSS J084406.85+444721.7,131.028582,44.789373,0.35,Q
SDSS J113942.33+400425.1,174.926376,40.073624,0.7,Q
SDSS J163538.26+514752.5,248.90946,51.79793,2.62,Q
SDSS J014202.93+132035.9,25.512224,13.343318,1.07,Q
SDSS J235544.48+085647.4,358.935378,8.946509,2.81,Q
SDSS J140153.52+200633.6,210.473042,20.109345,0.79,Q
SDSS J082312.13+264415.7,125.800604,26.737717,1.85,Q
SDSS J121434.22+143641.3,183.642598,14.61148,1.01,Q
SDSS J011428.00+275238.1,18.616702,27.877267,0.9,Q
SDSS J095933.62+171513.7,149.890138,17.253819,0.37,Q
SDSS J001957.59+064718.7,4.989966,6.788534,0.93,Q
SDSS J170224.06+381958.7,255.600258,38.332969,1.61,Q
SDSS J103304.86+211216.1,158.270298,21.20451,0.31,Q
SDSS J085554.19+041455.4,133.975802,4.248752,0.54,Q
SDSS J075633.22+442327.0,119.138421,44.390844,0.46,Q
SDSS J010345.13+093252.5,15.938073,9.547936,0.78,Q
SDSS J020515.82-021407.8,31.315918,-2.235527,0.43,A
SDSS J164559.60+385902.3,251.498369,38.983976,0.73,Q
SDSS J103214.31+335445.0,158.059652,33.912513,0.93,Q
SDSS J222159.89+143255.9,335.49952,14.548863,0.7,Q
SDSS J234233.85+245048.6,355.641062,24.846837,0.38,Q
SDSS J101146.62+645647.7,152.944264,64.946612,1.81,Q
SDSS J002539.46+190450.1,6.414465,19.080595,0.49,A
SDSS J153916.24+032322.0,234.817669,3.389479,0.35,QX
SDSS J225703.27+152033.1,344.263649,15.342546,0.67,Q
SDSS J140750.32+291126.9,211.959677,29.1908,2.21,Q
SDSS J000014.63+333128.6,0.060997,33.524631,1.64,Q
SDSS J105350.59+073306.3,163.460804,7.551737,0.76,Q
SDSS J152753.06+375410.5,231.971067,37.902946,1.24,QX
SDSS J115024.00+213748.3,177.600022,21.630113,0.68,Q
SDSS J023701.04-024910.2,39.254345,-2.81951,0.45,Q
SDSS J220624.01+113142.1,331.600063,11.528367,0.4,Q
SDSS J151456.90+502540.7,228.737111,50.427956,0.98,Q
SDSS J083133.32+353109.0,127.888866,35.519158,2.48,Q
SDSS J145201.24+473510.4,223.005189,47.586246,0.79,Q
SDSS J015744.15+291436.4,29.43403,29.243446,0.84,Q
SDSS J110026.52+294924.7,165.110501,29.823495,1.35,Q
SDSS J214022.63+000605.2,325.094323,0.101461,0.52,Q
SDSS J095653.94+103320.8,149.224783,10.555768,0.62,Q
SDSS J083537.83+433343.8,128.907647,43.562131,1.3,Q
SDSS J140916.16+425645.8,212.317316,42.946067,1.45,Q
SDSS J105937.70+354532.8,164.907121,35.759089,0.07,N
SDSS J165454.56+323121.9,253.727329,32.522756,0.3,A
SDSS J013434.47-023029.5,23.643646,-2.508189,0.52,Q
SDSS J020619.67+063606.0,31.582008,6.601662,0.52,Q
SDSS J103158.88+612431.6,157.995356,61.408788,0.43,QX
SDSS J085100.57+480719.8,132.752419,48.122155,0.75,Q
SDSS J091423.22+123423.6,138.596792,12.573219,0.77,Q
SDSS J125256.98+492716.4,193.237426,49.45454,0.58,Q
SDSS J235653.05-055011.4,359.22104,-5.836488,0.73,Q
SDSS J235847.64+081307.6,359.698509,8.218771,0.62,Q
SDSS J150344.10+461446.6,225.933738,46.246315,0.63,Q
SDSS J144542.00+140931.1,221.424999,14.158654,0.68,Q
SDSS J160219.98+080920.9,240.583269,8.15582,1,Q
SDSS J010545.82-071707.4,16.44093,-7.285399,0.88,Q
SDSS J235300.75+285131.8,358.253142,28.858859,0.87,QX
SDSS J085704.92+255222.3,134.270527,25.872859,2.44,Q
SDSS J110927.18+352214.0,167.363283,35.370563,1.61,Q
SDSS J124620.90+182123.8,191.587118,18.356625,0.26,AX
SDSS J162722.62+221452.3,246.844257,22.247863,0.27,Q
SDSS J220503.55+191600.1,331.26479,19.266687,0.76,Q
SDSS J154857.98+511502.1,237.241641,51.250578,0.56,Q
SDSS J010037.28+061946.2,15.155339,6.329516,0.48,A
SDSS J113635.58+460613.9,174.148278,46.103875,0.4,A
SDSS J153350.45+445019.2,233.46021,44.838691,0.6,Q
SDSS J163108.53+202247.7,247.785556,20.379963,0.81,QRX
SDSS J124836.71+423928.9,192.153015,42.658034,0.77,Q
SDSS J081017.24+401514.8,122.571847,40.25412,0.6,Q
SDSS J153753.73+561210.6,234.473877,56.202971,1.89,Q
SDSS J120743.80+425641.8,181.932525,42.94497,0.46,AX
SDSS J091644.29+451028.0,139.184541,45.17447,0.86,Q
SDSS J104539.01+255830.2,161.412582,25.975053,0.55,Q
SDSS J154256.12+055133.6,235.733874,5.859364,2.42,Q
SDSS J024703.24-071421.6,41.763541,-7.239347,0.33,Q
SDSS J114831.41+282028.1,177.130888,28.34113,0.28,AX
SDSS J015344.69+101918.6,28.43621,10.321877,0.57,Q
SDSS J232133.58+183450.0,350.389903,18.580565,0.61,Q
SDSS J234224.93+132603.1,355.60395,13.434203,0.73,Q
SDSS J113505.21+223408.4,173.771717,22.569039,0.46,Q
SDSS J082048.49+302552.3,125.202061,30.431183,0.45,A
SDSS J132008.85+634005.6,200.036875,63.668214,1.01,Q
SDSS J125646.57+511859.0,194.194071,51.31641,0.78,Q
SDSS J141036.11+285623.3,212.650461,28.939817,0.72,Q
SDSS J232812.46+064414.3,352.05193,6.737305,0.71,Q
SDSS J084001.21+120757.9,130.005092,12.132778,0.73,Q
SDSS J004000.44+321210.9,10.001851,32.203046,0.62,Q
SDSS J113322.25+305219.3,173.342752,30.872017,1.01,Q
SDSS J162155.44+414337.8,245.481026,41.727202,2.53,Q
SDSS J094327.97+415818.8,145.866578,41.971894,0.94,Q
SDSS J021103.71+293919.7,32.765496,29.655501,3.07,Q
SDSS J092724.68+521923.7,141.852842,52.323291,0.6,Q
SDSS J141504.72+553425.3,213.769696,55.573722,1.59,Q
SDSS J140912.31+453244.5,212.301283,45.545685,0.4,Q
SDSS J121610.70+553153.4,184.04462,55.53151,0.86,Q
SDSS J155620.24+521520.0,239.084345,52.255562,0.22,ARX
SDSS J002709.13+293637.1,6.788033,29.610361,0.46,A
SDSS J133708.05+190227.3,204.283567,19.040924,0.63,Q
SDSS J141402.58+365005.7,213.510794,36.83496,0.43,Q
SDSS J074900.61+163451.1,117.252541,16.580862,1.01,Q
SDSS J020246.57-050927.6,30.694059,-5.157675,0.86,QX
SDSS J121958.86+160910.6,184.995271,16.152931,2.17,Q
SDSS J164630.23+425034.6,251.62596,42.842962,0.76,Q
SDSS J095833.95+560224.4,149.641438,56.040101,0.21,ARX
SDSS J121903.69+053317.8,184.765387,5.554954,0.83,Q
SDSS J081147.55+213103.1,122.948154,21.517575,1.43,Q
SDSS J145212.96+030806.2,223.054018,3.135066,0.65,QX
SDSS J135515.71+591841.9,208.815491,59.311638,2.62,Q
SDSS J075452.78+432254.4,118.719957,43.381798,1.51,Q
SDSS J103005.97+053220.9,157.524918,5.539134,0.82,QX
SDSS J010029.82+270418.4,15.124292,27.071796,0.24,QX
SDSS J074413.19+192328.2,116.054969,19.391175,2,Q
SDSS J120220.27+552639.2,180.584501,55.444246,0.42,QX
SDSS J161543.69+064244.7,243.932079,6.712425,0.34,Q
SDSS J110451.58+481009.3,166.21501,48.169257,1.64,Q
SDSS J114821.97+501734.8,177.091556,50.293036,1.07,Q
SDSS J112037.18+293121.9,170.154959,29.522693,0.64,Q
SDSS J141412.30+371803.1,213.551247,37.30087,0.92,Q
SDSS J075516.28+334257.8,118.817862,33.716057,0.88,Q
SDSS J135844.07+430203.1,209.68362,43.034172,0.28,Q
SDSS J132631.24+211608.0,201.630162,21.268907,0.85,Q
SDSS J222548.40+304500.5,336.451671,30.750137,0.77,Q
SDSS J122421.50+290216.9,186.089621,29.038034,0.55,Q
SDSS J135511.04+393711.3,208.796011,39.619794,0.6,Q
SDSS J011001.43-032646.0,17.505992,-3.446124,0.63,Q
SDSS J094756.21-012154.5,146.984224,-1.36517,0.72,Q
SDSS J090612.23+272347.6,136.550972,27.396575,0.92,Q
SDSS J235551.00+191854.6,358.962554,19.315185,0.62,Q
SDSS J085931.76+180631.1,134.882357,18.108641,1.79,Q
SDSS J154805.12+520627.2,237.021374,52.10756,0.61,QX
SDSS J095519.20+344411.4,148.830003,34.736503,1.55,Q
SDSS J224734.40+181247.4,341.893343,18.213155,1.28,Q
SDSS J003453.53+282444.2,8.723052,28.412283,0.75,Q
SDSS J154717.76+393419.7,236.824023,39.572146,1.44,Q
SDSS J154132.48+563238.5,235.385352,56.544049,1.78,Q
SDSS J074247.42+395936.8,115.697599,39.993578,0.64,Q
SDSS J083929.89+284224.1,129.874543,28.706723,0.38,Q
SDSS J153705.04+611638.1,234.27104,61.277264,0.9,Q
SDSS J105651.85+022743.7,164.216041,2.462113,2.35,Q
SDSS J000327.35+111210.3,0.863969,11.202865,1.03,Q
SDSS J020452.18+262102.4,31.217457,26.350657,0.53,Q
SDSS J142932.27+413524.9,217.384494,41.590253,0.27,AX
SDSS J093044.08+212108.0,142.68369,21.352243,1.67,QR
SDSS J132319.29+353317.7,200.830374,35.554909,0.99,QX
SDSS J004750.91+024723.1,11.962178,2.789768,0.36,Q
SDSS J214948.45+001741.1,327.451899,0.294762,2.35,Q
SDSS J075232.68+132009.6,118.136165,13.336019,0.83,Q
SDSS J001837.81+061845.7,4.657568,6.312721,2.66,Q
SDSS J124347.49+184856.6,190.947881,18.815728,0.22,QX
SDSS J091311.01+345626.1,138.295889,34.940593,0.49,NX
SDSS J134112.50+543138.0,205.302068,54.527249,0.37,A
SDSS J091044.47+590330.1,137.685354,59.058364,0.78,Q
SDSS J163352.42+230816.2,248.468435,23.137852,3.23,Q
SDSS J170114.41+240719.9,255.310069,24.122184,0.39,Q
SDSS J142055.02+612038.0,215.229259,61.343877,0.83,Q
SDSS J224302.18+001756.9,340.7591,0.299142,1.19,Q
SDSS J142210.60+513104.5,215.54423,51.517926,0.88,Q
SDSS J083634.59+513033.8,129.144132,51.509397,1.14,Q
SDSS J214752.82-013333.4,326.970098,-1.559283,0.68,Q
SDSS J015254.76+273747.8,28.228203,27.629959,1.43,QR
SDSS J143816.78+191955.5,219.569932,19.332092,0.31,Q
SDSS J141704.04+064741.8,214.266875,6.794972,0.6,QX
SDSS J111935.13+361545.6,169.896416,36.262696,0.67,QR
SDSS J143443.89+544426.4,218.682908,54.740689,0.8,Q
SDSS J003712.58-010833.0,9.302411,-1.142518,1.65,QX
SDSS J110051.16+395133.2,165.213201,39.859255,0.36,A
SDSS J155945.15+050037.7,239.938163,5.010506,2.71,Q
SDSS J234429.46+285034.6,356.122782,28.842971,0.86,Q
SDSS J094334.68+055703.7,145.894501,5.95104,0.34,Q
SDSS J104806.88+154632.8,162.028689,15.775789,0.51,Q
SDSS J101724.55+481226.7,154.352348,48.207429,1.19,Q
SDSS J094507.48+472725.3,146.281162,47.457044,0.39,Q
SDSS J233710.64+251425.5,354.294374,25.240465,0.48,A
SDSS J114852.69+514542.0,177.219553,51.761641,0.87,QX
SDSS J023452.69+030334.1,38.719551,3.059463,2.1,Q
SDSS J101552.15+034305.1,153.967297,3.718092,0.62,Q
SDSS J170045.09+485638.7,255.18791,48.944076,0.79,Q
SDSS J233254.45+225935.5,353.226911,22.99318,2.79,Q
SDSS J172233.52+275319.9,260.639678,27.888867,2.24,Q
SDSS J082009.79+245049.9,125.040794,24.8472,1.83,Q
SDSS J222111.71+235332.5,335.298798,23.892371,2.18,Q
SDSS J015424.21+212646.2,28.600859,21.446214,0.77,Q
SDSS J153831.41+484859.5,234.630901,48.816547,0.69,Q
SDSS J100145.17+421256.8,150.438247,42.21577,0.36,QRX
SDSS J080612.58+175258.3,121.552424,17.88288,0.37,A
SDSS J154004.38+412841.3,235.018281,41.478126,0.43,Q
SDSS J220454.49+213902.3,331.227035,21.650654,0.55,Q
SDSS J144130.68+480911.7,220.377842,48.153249,0.79,Q
SDSS J111131.75+362844.7,167.882338,36.479096,0.42,Q
SDSS J153707.59+571437.2,234.281678,57.243686,0.74,Q
SDSS J161302.51+131818.9,243.26047,13.305279,0.36,Q
SDSS J073242.54+265206.5,113.177261,26.868478,0.68,Q
SDSS J001315.37+101651.4,3.314074,10.280959,0.74,Q
SDSS J100621.57+424009.6,151.589902,42.669355,0.25,A
SDSS J111839.83+341430.2,169.666,34.24174,0.22,QX
SDSS J235121.55+180529.0,357.839826,18.091393,0.63,Q
SDSS J083852.91+264120.8,129.720469,26.689138,0.29,A
SDSS J075825.98+274847.6,119.608278,27.813217,1.08,Q
SDSS J115154.89+650933.2,177.978728,65.159262,0.28,A
SDSS J161233.24+475450.2,243.13853,47.913981,0.88,Q
SDSS J142101.58+462418.2,215.256583,46.405078,2.64,Q
SDSS J162324.39+360847.8,245.851654,36.146612,0.76,Q
SDSS J015601.69+002559.6,29.007047,0.433249,0.64,AX
SDSS J100920.25+440112.3,152.334433,44.020071,0.59,Q
SDSS J115656.47+514205.9,179.23531,51.701664,2.96,Q
SDSS J123148.46+612534.1,187.951923,61.426166,1.22,QX
SDSS J074320.20+311559.5,115.834166,31.26655,1.01,Q
SDSS J145403.37+341809.9,223.514057,34.302739,0.61,QR2
SDSS J124609.81+305725.9,191.540873,30.957191,0.51,QX
SDSS J111708.03+302143.3,169.283493,30.362045,0.94,Q
SDSS J111606.76+445019.6,169.02818,44.838802,0.29,A
SDSS J092914.75+333636.2,142.311524,33.610073,0.73,Q
SDSS J091631.06-020538.4,139.129446,-2.094023,0.47,A
SDSS J135738.05+093145.3,209.408543,9.529271,0.6,Q
SDSS J230945.19+325422.4,347.438306,32.906256,0.62,Q
SDSS J085551.76+521813.2,133.96563,52.303699,2.01,Q
SDSS J081109.32+055054.0,122.788859,5.848362,0.49,A
SDSS J121232.86+352700.2,183.13694,35.450083,1.52,Q
SDSS J135720.88+105532.8,209.337019,10.925778,0.39,AX
SDSS J012657.36+395422.3,21.739006,39.906196,0.11,AX
SDSS J104139.66+365925.6,160.415228,36.990483,0.81,QR
SDSS J010022.45+272644.7,15.093575,27.445792,0.62,Q
SDSS J145513.46+155813.5,223.806084,15.970406,0.75,Q
SDSS J002538.02+070815.2,6.408406,7.137571,0.39,A
SDSS J143135.31+481322.3,217.897163,48.222875,0.24,AX
SDSS J133424.96+641147.2,203.603969,64.196447,3.13,Q
SDSS J124111.43+194604.2,190.297637,19.767861,0.76,Q
SDSS J122839.41+501244.3,187.164232,50.212298,2.23,Q
SDSS J124356.65+462414.0,190.9861,46.403915,0.59,Q
SDSS J170041.17+384314.0,255.171545,38.720551,0.93,Q
SDSS J014006.59+274954.0,25.027452,27.831656,0.54,Q
SDSS J001510.61+134910.2,3.794223,13.819528,3.21,Q
SDSS J084506.15+595021.2,131.275626,59.839236,0.21,A
SDSS J084105.44+344401.6,130.272682,34.733821,1.37,Q
SDSS J152222.90+242951.0,230.595466,24.497517,0.67,Q
SDSS J101313.26+314209.9,153.305285,31.702761,0.97,Q
SDSS J120341.94+442241.3,180.92478,44.378165,1.08,QX
SDSS J073432.60+310828.6,113.635838,31.141282,1.09,Q
SDSS J074603.89+501456.8,116.516232,50.249139,1,Q2
SDSS J224614.67+011606.3,341.561101,1.268461,0.64,Q
SDSS J234857.94+013950.3,357.241458,1.663987,1.32,Q
SDSS J093358.34+190742.8,143.493091,19.128558,0.41,AX
SDSS J074612.12+344906.1,116.550539,34.818381,1.65,Q
SDSS J233123.39-105213.7,352.847458,-10.870498,0.61,Q
SDSS J003145.06+304334.6,7.937806,30.726298,0.66,Q
SDSS J112033.57+100817.2,170.139911,10.138113,0.2,QX
SDSS J113837.52+512658.4,174.656361,51.449584,0.79,Q
SDSS J032743.14+003450.1,51.929779,0.580576,0.38,Q
SDSS J230840.53+022300.1,347.168864,2.383356,0.63,Q
SDSS J023635.11+030617.9,39.146273,3.104972,0.73,Q
SDSS J080119.75+282935.6,120.332287,28.493216,0.85,Q
SDSS J082951.27+284710.1,127.463644,28.786153,1.53,Q
SDSS J102504.50+242436.0,156.268759,24.410028,0.75,Q
SDSS J130103.50+065711.7,195.264609,6.953263,0.23,Q
SDSS J083333.66+234943.5,128.39027,23.828776,0.42,QX
SDSS J091156.53+245751.0,137.985584,24.964166,0.27,QX
SDSS J120405.98+420533.2,181.02495,42.092572,0.86,Q
SDSS J143043.60+244321.9,217.681686,24.722792,0.63,QX
SDSS J084853.13+325222.5,132.221389,32.872945,1.01,Q
SDSS J142923.35+155253.3,217.347298,15.881486,0.62,QX
SDSS J013408.20+012108.2,23.534185,1.352279,0.87,Q
SDSS J003646.73+004958.9,9.194729,0.833041,1.69,Q
SDSS J121723.21+433719.4,184.346718,43.622085,0.69,Q
SDSS J085513.85+044703.7,133.807721,4.784383,0.32,A
SDSS J145722.89+183404.3,224.345393,18.567905,0.66,Q
SDSS J162054.43+442258.1,245.226789,44.382814,0.54,Q
SDSS J223500.74+263044.1,338.75309,26.512266,0.44,Q
SDSS J113251.53+150127.4,173.214729,15.024276,0.68,QR
SDSS J092116.40+315525.9,140.318381,31.923858,2.57,Q
SDSS J112042.46+071311.4,170.176962,7.219845,0.28,AX
SDSS J153850.89+532618.5,234.712052,53.438481,0.43,A
SDSS J153457.41+503553.3,233.739217,50.598133,1.29,Q
SDSS J212756.24-014549.6,321.984342,-1.763788,1.02,Q
SDSS J085515.72+371856.1,133.815526,37.315604,0.45,AX
SDSS J235834.68+022500.7,359.644507,2.416874,0.48,Q
SDSS J153501.68+032906.6,233.757021,3.485204,2.72,Q
SDSS J132836.06+222501.3,202.150253,22.417049,0.28,Q
SDSS J002711.44+303914.1,6.797673,30.653964,1.79,Q
SDSS J004126.37+130505.7,10.359917,13.08496,0.66,QR
SDSS J102126.71+583909.7,155.361325,58.652704,0.57,Q
SDSS J004853.06-044203.0,12.221114,-4.700834,0.89,Q
SDSS J161820.40+141721.5,244.58503,14.289305,0.45,Q
SDSS J085856.24+301139.5,134.734361,30.194319,2.19,Q
SDSS J080016.52+540618.7,120.068864,54.105187,0.61,Q
SDSS J135158.47+110750.3,207.993666,11.130663,0.68,Q
SDSS J232740.78+212422.1,351.919927,21.406144,0.77,Q
SDSS J023613.71-041113.3,39.057162,-4.187042,0.99,QX
SDSS J090831.83+531658.4,137.132646,53.282883,2.43,Q
SDSS J093229.47+322852.9,143.122847,32.481383,1.25,Q
SDSS J125853.13+142813.1,194.72139,14.470314,0.66,Q
SDSS J101417.60+243207.0,153.57332,24.535271,0.65,Q
SDSS J215914.19+031629.8,329.809114,3.27496,0.49,QX
SDSS J003008.18+230452.9,7.534134,23.081367,0.52,Q
SDSS J010235.20+084209.8,15.646684,8.702754,0.66,Q
SDSS J154943.07+534432.1,237.429461,53.742273,0.42,QX
SDSS J134754.52+575636.6,206.977212,57.943517,0.57,A
SDSS J095516.39+152437.0,148.81829,15.410312,0.27,Q
SDSS J234838.84+064748.6,357.161862,6.796841,0.51,Q
SDSS J163207.62+440306.2,248.031738,44.051715,1.53,Q
SDSS J004006.22-030503.3,10.025945,-3.084245,0.82,Q
SDSS J120249.41+343917.6,180.705873,34.65489,0.93,Q
SDSS J100732.44+444708.5,151.885202,44.785702,0.72,Q
SDSS J223241.28+212136.3,338.172029,21.360104,0.27,Q
SDSS J132236.41+105239.4,200.651753,10.877598,1.7,Q
SDSS J081343.48+375228.0,123.431207,37.874464,2.83,Q
SDSS J123749.62+575319.5,189.456754,57.888759,1.69,Q
SDSS J232953.52+005106.6,352.473052,0.851835,0.5,Q
SDSS J085246.02+294107.6,133.191794,29.68544,2.12,Q
SDSS J100451.53+550034.4,151.214713,55.009571,1.89,Q
